<?xml version="1.0" encoding="UTF-8"?>
<project-private xmlns="http://www.netbeans.org/ns/project-private/1">
    <editor-bookmarks xmlns="http://www.netbeans.org/ns/editor-bookmarks/2" lastBookmarkId="0"/>
    <open-files xmlns="http://www.netbeans.org/ns/projectui-open-files/2">
        <group>
            <file>file:/C:/Users/Alunos/Documents/NetBeansProjects/TelaDeLogin%20-%20Copia2.0/src/br/edu/telas/TelaDeCadastro.java</file>
            <file>file:/C:/Users/Alunos/Documents/NetBeansProjects/TelaDeLogin%20-%20Copia2.0/src/br/edu/telas/TelaEQCSenha.java</file>
            <file>file:/C:/Users/Alunos/Documents/NetBeansProjects/TelaDeLogin%20-%20Copia2.0/src/br/edu/telas/TelaDeLogin.java</file>
            <file>file:/C:/Users/Alunos/Documents/NetBeansProjects/TelaDeLogin%20-%20Copia2.0/src/br/edu/telas/TelaApp.java</file>
            <file>file:/C:/Users/Alunos/Documents/NetBeansProjects/TelaDeLogin%20-%20Copia2.0/src/br/edu/telas/TelaInicial.java</file>
        </group>
    </open-files>
</project-private>
